use master
use English_center

insert into Account values 
	--student--
	('student1', '123456'),
	('student2', '123456'),
	('student3', '123456'),
	('student4', '123456'),
	('student5', '123456'),
	('student6', '123456'),
	('student7', '123456'),
	('student8', '123456'),
	('student9', '123456'),
	('student10', '123456'),
	('student11', '123456'),
	('student13', '123456'),
	('student14', '123456'),
	('student15', '123456'),
	('student16', '123456'),
	('student17', '123456'),
	('student18', '123456'),
	('student19', '123456'),
	('student20', '123456'),

	--clerk
	('clerk1', '123456'),
	('clerk2', '123456'),
	('clerk3', '123456'),
	('clerk4', '123456'),
	('clerk5', '123456'),
	('clerk6', '123456'),
	('clerk7', '123456'),
	('clerk8', '123456'),
	('clerk9', '123456'),
	('clerk10', '123456'),

	('teacher1', '123456'),
	('teacher2', '123456'),
	('teacher3', '123456'),
	('teacher4', '123456'),
	('teacher5', '123456'),

	('tutor1', '123456'),
	('tutor2', '123456'),
	('tutor3', '123456'),
	('tutor4', '123456'),
	('tutor5', '123456'),
	('tutor6', '123456'),
	('tutor7', '123456'),
	('tutor8', '123456'),
	('tutor9', '123456'),
	('tutor10', '123456')
go



insert into User_info values 
	('STU1000',N'Phạm', N'Trường', N'Nhân', '1990-12-12' , N'18 Luy Ban Bich Street Tan Thoi Hoa Phường, Thành phố Hồ Chí Minh', 'NgcTh.Phan26@yahoo.com', 'student1'),
	('STU1001',N'Ngô', N'Nguyên', N'Bổng', '1999-03-02', N'Ký túc xá khu A, Đường tạ Quang Bửu, khu phố 6, Linh Trung, Thủ Đức', 'cBng69@hotmail.com', 'student1'),
	('STU1002',N'Lê', N'Minh', N'Tâm', '2001-06-19', N'59/6/12 Nguyễn Đình Chiểu, Phường 4, Quận 3, Thành phố Hồ Chí Minh', 'TunVit0@hotmail.com', 'student2'),
	('STU1003',N'Tô', N'Như', N'Phương', '2000-01-26', N'59/6/12 Nguyễn Đình Chiểu, Phường 4, Quận 3, Thành phố Hồ Chí Minh', 'TmThin.Tng5@yahoo.com', 'student3'),
	('STU1004',N'Hà', N'Gia', N'Hùng', '2001-01-08', N'142/19 Nguyen Thi Thap, Phường Binh Thuan, Quận 7, Thành phố Hồ Chí Minh', 'DiuHnh93@yahoo.com', 'student4'),
	('STU1005',N'Trần', N'Nhân', N'Từ', '2000-09-13', N'18 Luy Ban Bich Street Tan Thoi Hoa Phường, Thành phố Hồ Chí Minh', 'TunHi.Phng48@gmail.com', 'student5'),
	('STU1006',N'Hà', N'Lam', N'Tuyền', '2000-05-05', N'98 Nguyễn Đình Chiểu, Quận 1, Thành phố Hồ Chí Minh', 'nhChiu.Trng74@yahoo.com', 'student6'),
	('STU1007',N'Vương', N'Phương', N'Nghi', '1999-01-16', N'298 Nguyen Trong Tuyen, Phường 1, Thành phố Hồ Chí Minh', 'ThyVn.Tng@gmail.com', 'student7'),
	('STU1008',N'Đỗ', N'Bảo', N'Khánh', '2000-05-30', N'18 Luy Ban Bich Street Tan Thoi Hoa Phường, Thành phố Hồ Chí Minh', 'MinhL_Lm@yahoo.com', 'student8'),
	('STU1009',N'Phùng', N'Trung', N'Lực', '1998-09-21', N'298 Nguyen Trong Tuyen, Phường 1, Thành phố Hồ Chí Minh', 'PhngLoan.Mai28@yahoo.com', 'student9'),
	('STU1010',N'Phạm', N'Thu', N'Hằng', '2000-01-19', N'142/19 Nguyen Thi Thap, Phường Binh Thuan, Quận 7, Thành phố Hồ Chí Minh', 'YnTrm.on@hotmail.com', 'student10'),
	('STU1011',N'Mai', N'Quốc', N'Việt', '2000-02-27', N'410 Su Van Hanh, Phường 9, Quận 10, Thành phố Hồ Chí Minh', 'HngThu83@gmail.com', 'student11'),
	('STU1012',N'Lê', N'Sơn', N'Dương', '1999-01-19', N'98 Nguyễn Đình Chiểu Dist1, Thành phố Hồ Chí Minh', 'ThinLng_Ng@gmail.com', 'student12'),
	('STU1013',N'Vũ', N'Thanh', N'Hồng', '1998-08-18', N'98 Nguyễn Đình Chiểu Dist1, Thành phố Hồ Chí Minh', 'ThiXun.o@yahoo.com', 'student13'),
	('STU1014',N'Đinh', N'Kim', N'Yến', '2000-01-26', N'98 Nguyễn Đình Chiểu Dist1, Thành phố Hồ Chí Minh', 'ThuMinh_Ng10@yahoo.com', 'student14'),
	('STU1015',N'Trịnh', N'Tường', N'Anh', '1999-08-06', N'59/6/12 Nguyễn Đình Chiểu, Phường 4, Quận 3, Thành phố Hồ Chí Minh', 'MinhDanh22@hotmail.com', 'student15'),
	('STU1016',N'Trương', N'Hồng', N'Thu', '2001-03-25', N'98 Nguyễn Đình Chiểu Dist1, Thành phố Hồ Chí Minh', 'DuyKhnh_V@hotmail.com', 'student16'),
	('STU1017',N'Lê', N'Huy', N'Lĩnh', '1999-06-04', N'22 Truong Quyen, Phường 6, Quận 3, Thành phố Hồ Chí Minh', 'DYn74@hotmail.com', 'student17'),
	('STU1018',N'Hà', N'Hào', N'Nghiệp', '2000-02-28', N'18 Luy Ban Bich Street Tan Thoi Hoa Phường, Thành phố Hồ Chí Minh', 'QucTin71@hotmail.com', 'student18'),
	('STU1019',N'Vũ', N'Huy', N'Anh', '2001-09-01', N'271/163/122 Quang Trung, Phường 10, Thành phố Hồ Chí Minh', 'KimTh.Tng@gmail.com', 'student19'),
	('STU1020',N'Mai', N'Hồng', N'Vinh', '1999-05-13', N'22 Truong Quyen, Phường 6, Quận 3, Thành phố Hồ Chí Minh', 'HuThng_on@yahoo.com', 'student20'),

	('CLK1001',N'Trịnh', N'Liên', N'Phương', '1998-10-01', N'298 Nguyen Trong Tuyen, Phường 1, Thành phố Hồ Chí Minh', 'KhnhHi_Phm64@yahoo.com', 'clerk1'),
	('CLK1002',N'Tăng', N'Khánh', N'Hoàng', '2000-07-08', N'271/163/122 Quang Trung, Phường 10, Thành phố Hồ Chí Minh', 'CngSinh_Mai@hotmail.com', 'clerk2'),
	('CLK1003',N'Trịnh', N'Duy', N'Uyên', '2001-04-11', N'271/163/122 Quang Trung, Phường 10, Thành phố Hồ Chí Minh', 'XunCao_H@yahoo.com', 'clerk3'),
	('CLK1004',N'Phan', N'Kim', N'Tuyến', '2000-01-31', N'22 Truong Quyen, Phường 6, Quận 3, Thành phố Hồ Chí Minh', 'Hngng_inh82@gmail.com', 'clerk4'),
	('CLK1005',N'Phạm', N'Quỳnh', N'Nhung', '2000-01-17', N'59/6/12 Nguyễn Đình Chiểu, Phường 4, Quận 3, Thành phố Hồ Chí Minh', 'HiGiang.Dng@gmail.com', 'clerk5'),
	('CLK1006',N'Lâm', N'Hồng', N'Thư', '2000-10-17', N'59/6/12 Nguyễn Đình Chiểu, Phường 4, Quận 3, Thành phố Hồ Chí Minh', 'VnThng_T34@hotmail.com', 'clerk6'),
	('CLK1007',N'Phạm', N'Hồng', N'Khuê', '1999-01-30', N'Ký túc xá khu A, Đường tạ Quang Bửu, khu phố 6, Linh Trung, Thủ Đức', 'AnTng71@gmail.com', 'clerk7'),
	('CLK1008',N'Bùi', N'Huệ', N'Linh', '1999-02-15', N'Ký túc xá khu A, Đường tạ Quang Bửu, khu phố 6, Linh Trung, Thủ Đức', 'ThanhThanh.Lm43@yahoo.com', 'clerk8'),
	('CLK1009',N'Đinh', N'Thụy', N'Trinh', '1998-09-01', N'142/19 Nguyen Thi Thap, Phường Binh Thuan, Quận 7, Thành phố Hồ Chí Minh', 'PhcThin.Phan@hotmail.com', 'clerk9'),
	('CLK1010',N'Trần', N'Hoàng', N'Thư', '2001-04-04', N'98 Nguyễn Đình Chiểu Dist1, Thành phố Hồ Chí Minh', 'ThyQunh_L69@yahoo.com', 'clerk10'),

	('TEA1001',N'Tô', N'Thái', N'Lâm', '1998-10-10', N'271/163/122 Quang Trung, Phường 10, Thành phố Hồ Chí Minh', 'ThyNgc_Trng@hotmail.com', 'teacher1'),
	('TEA1002',N'Mai', N'Thanh', N'Thế', '1999-05-20', N'678 Truong Chinh, Phường 15, Thành phố Hồ Chí Minh', 'DimKiu.Phan@gmail.com', 'teacher2'),
	('TEA1003',N'Mai', N'Nhật', N'Ánh', '2000-01-03', N'22 Truong Quyen, Phường 6, Quận 3, Thành phố Hồ Chí Minh', 'QunhTrang61@yahoo.com', 'teacher3'),
	('TEA1004',N'Bùi', N'Hải', N'Thanh', '2000-11-18', N'678 Truong Chinh, Phường 15, Thành phố Hồ Chí Minh', 'NguynVn70@yahoo.com', 'teacher4'),
	('TEA1005',N'Hà', N'Tâm', N'Nguyên', '2001-01-25', N'271/163/122 Quang Trung, Phường 10, Thành phố Hồ Chí Minh', 'MinhDng.Phng63@gmail.com', 'teacher5'),

	('TUT1001',N'Dương', N'Ban', N'Mai', '2000-05-13', N'22 Truong Quyen, Phường 6, Quận 3, Thành phố Hồ Chí Minh', 'XunTrang6@gmail.com', 'tutor1'),
	('TUT1002',N'Đoàn', N'Trọng', N'Khánh', '2000-11-15', N'142/19 Nguyen Thi Thap, Phường Binh Thuan, Quận 7, Thành phố Hồ Chí Minh', 'HiQun.on64@gmail.com', 'tutor2'),
	('TUT1003',N'Đặng', N'Ðan', N'Tâm', '2000-08-13', N'98 Nguyễn Đình Chiểu Dist1, Thành phố Hồ Chí Minh', 'TrngPhc11@yahoo.com', 'tutor3'),
	('TUT1004',N'Lý', N'Khắc', N'Vũ', '2001-09-07', N'59/6/12 Nguyễn Đình Chiểu, Phường 4, Quận 3, Thành phố Hồ Chí Minh', 'cThnh53@yahoo.com', 'tutor4'),
	('TUT1005',N'Vương', N'Tịnh', N'Tâm', '2000-01-17', N'98 Nguyễn Đình Chiểu Dist1, Thành phố Hồ Chí Minh', 'NhtH.Trnh@hotmail.com', 'tutor5'),
	('TUT1006',N'Hà', N'Chánh', N'Việt', '1999-01-21', N'678 Truong Chinh, Phường 15, Thành phố Hồ Chí Minh', 'QuangHuy_Lm@yahoo.com', 'tutor6'),
	('TUT1007',N'Lý', N'Hồng', N'Khuê', '1999-06-02', N'22 Truong Quyen, Phường 6, Quận 3, Thành phố Hồ Chí Minh', 'XunCao_Mai23@gmail.com', 'tutor7'),
	('TUT1008',N'Tô', N'Huệ', N'Phương', '2000-10-11', N'22 Truong Quyen, Phường 6, Quận 3, Thành phố Hồ Chí Minh', 'DuyThnh42@hotmail.com', 'tutor8'),
	('TUT1009',N'Dương', N'Phương', N'Thi', '2000-06-09', N'59/6/12 Nguyễn Đình Chiểu, Phường 4, Quận 3, Thành phố Hồ Chí Minh', 'nThun.L74@gmail.com', 'tutor9'),
	('TUT1010',N'Đoàn', N'Ðan', N'Tâm', '2000-11-22', N'678 Truong Chinh, Phường 15, Thành phố Hồ Chí Minh', 'NhnT.inh95@yahoo.com', 'tutor10')

go


-- phone numebr 
insert into Phone_number values 
	('0397650892', 'STU1001'),
	('0397613760', 'STU1002'),
	('0397643000', 'STU1003'),
	('0397624853', 'STU1004'),
	('0397687538', 'STU1005'),
	('0397662026', 'STU1006'),
	('0397617058', 'STU1007'),
	('0397671994', 'STU1008'),
	('0397666971', 'STU1009'),
	('0397619581', 'STU1010'),
	('0397614346', 'STU1011'),
	('0397621471', 'STU1012'),
	('0397690303', 'STU1013'),
	('0397667529', 'STU1014'),
	('0397645435', 'STU1015'),
	('0397628252', 'STU1016'),
	('0397652480', 'STU1017'),
	('0397637513', 'STU1018'),
	('0397651062', 'STU1019'),
	('0397692304', 'STU1020'),
	
	('0397689244', 'CLK1001'),
	('0397683159', 'CLK1002'),
	('0397669836', 'CLK1003'),
	('0397637209', 'CLK1004'),
	('0397695769', 'CLK1005'),
	('0397692675', 'CLK1006'),
	('0397616922', 'CLK1007'),
	('0397651313', 'CLK1008'),
	('0397637832', 'CLK1009'),
	('0397680389', 'CLK1010'),

	('0397640546', 'TEA1001'),
	('0397613438', 'TEA1002'),
	('0397676166', 'TEA1003'),
	('0397651420', 'TEA1004'),
	('0397626120', 'TEA1005'),

	('0397685104', 'TUT1001'),
	('0397621450', 'TUT1002'),
	('0397610344', 'TUT1003'),
	('0397674220', 'TUT1004'),
	('0397652512', 'TUT1005'),
	('0397620975', 'TUT1006'),
	('0397674913', 'TUT1007'),
	('0397690434', 'TUT1008'),
	('0397643690', 'TUT1009'),
	('0397685625', 'TUT1010')
Go

-- Chi nhánh
ALTER table Department NOCHECK constraint all
go
insert into Department values 
	('BRANCH1', 'HCMUT', 'Thu Duc, HCM','english_center1@gmail.com', 'CLK1000'),
	('BRANCH2', 'HCMUT', 'Lý thường kiệt, P14, Quan 10 , HCM','enlish_center2@gmail.com', 'CLK1010')
ALTER table Department CHECK constraint all
go
--syslabus
insert into Syllabus values 
	( 'S1E1000', N'Cơ bản về tiếng anh 1', 48 , 'Taret 1'),
	( 'S1E2000', N'Cơ bản về tiếng anh 2', 48 , 'Taret 2'),
	( 'S1E3000', N'Cơ bản về tiếng anh 3', 48 , 'Taret 3'),
	( 'S1E4000', N'Cơ bản về tiếng anh 4', 48 , 'Taret 4'),
	( 'S1G1000', N'Ngữ pháp tiếng anh 1', 48 , 'Taret 1'),
	( 'S1G2000', N'Ngữ pháp tiếng anh 2', 48 , 'Taret 2'),
	( 'S1G3000', N'Ngữ pháp tiếng anh 3', 48 , 'Taret 3'),
	( 'S1G4000', N'Ngữ pháp tiếng anh 4', 48 , 'Taret 4')
Go

-- Tài liệu
insert into Document values
	('Book 1' , 'S1E1000'),
	('Book 2' , 'S1E1000'),
	('Book 1' , 'S1E2000'),
	('Book 2' , 'S1E2000'),
	('Book 3' , 'S1E3000'),
	('Book 4' , 'S1E4000'),
	('Grammar' , 'S1G1000'),
	('Gramma' , 'S1G2000'),
	('Grammar' , 'S1G3000'),
	('Grammar' , 'S1G4000')
Go


-- course 
insert into Course values 
	('LA1001', 'English 1', 3000000, '2022-12-1', '2023-4-1', 'S1E1000', 'BRANCH1'),
	('LA1002', 'English 2', 3000000, '2022-12-1', '2023-4-1', 'S1E2000', 'BRANCH1'),
	('LA1003', 'English 3', 3000000, '2022-12-1', '2023-4-1', 'S1E3000', 'BRANCH1'),
	('LA1004', 'English 4', 3000000, '2022-12-1', '2023-4-1', 'S1E4000', 'BRANCH1'),
	('LG1001', 'Grammar 1', 3000000, '2022-12-1', '2023-4-1', 'S1G1000', 'BRANCH1'),
	('LG1002', 'Grammar 2', 3000000, '2022-12-1', '2023-4-1', 'S1G2000', 'BRANCH1'),
	('LG1003', 'Grammar 3', 3000000, '2022-12-1', '2023-4-1', 'S1G3000', 'BRANCH1'),
	('LG1004', 'Grammar 4', 3000000, '2022-12-1', '2023-4-1', 'S1G4000', 'BRANCH1')

Go
-- class
insert into Class values 
	('L01', 20, 'LA1001'),
	('L02', 20, 'LA1001'),
	('L01', 20, 'LA1002'),
	('L02', 20, 'LA1002'),
	('L01', 20, 'LA1003'),
	('L02', 20, 'LA1003'),
	('L01', 20, 'LA1004'),
	('L02', 20, 'LA1004'),
	('L01', 20, 'LG1001'),
	('L02', 20, 'LG1001'),
	('L01', 20, 'LG1002'),
	('L02', 20, 'LG1002'),
	('L01', 20, 'LG1003'),
	('L02', 20, 'LG1003'),
	('L01', 20, 'LG1004'),
	('L02', 20, 'LG1004')
GO

-- Khuyến mãi
insert into Promotion values 
	('D1P1', 'cash', 500000 , '2022-12-1', '2023-4-1', 120, 'BRANCH1'),
	('D1P2', 'percen', 10 , '2022-12-1', '2023-4-1', 120, 'BRANCH1'),
	('D2P1', 'cash', 600000, '2022-12-1', '2023-4-1', 120, 'BRANCH2'),
	('D2P2', 'percen', 20 , '2022-12-1', '2023-4-1', 120, 'BRANCH2')
go

-- Phòng học
insert into Room values
	('BRANCH1', 'R1', 'learning', 'Room 1', 20),
	('BRANCH1', 'R2', 'learning', 'Room 2', 20),
	('BRANCH1', 'R3', 'working ', 'Room 3', 20),
	('BRANCH2', 'R1', 'learning', 'Room 1', 20),
	('BRANCH2', 'R2', 'learning', 'Room 2', 20),
	('BRANCH2', 'R3', 'learning', 'Room 3', 20)
go
-- nhân viên
insert into Clerk values 
	('CLK1001',N'Trịnh', N'Liên', N'Phương', '1998-10-01', N'298 Nguyen Trong Tuyen, Phường 1, Thành phố Hồ Chí Minh', 'KhnhHi_Phm64@yahoo.com','094200001111','CLK1001', 'BRANCH1'),
	('CLK1002',N'Tăng', N'Khánh', N'Hoàng', '2000-07-08', N'271/163/122 Quang Trung, Phường 10, Thành phố Hồ Chí Minh', 'CngSinh_Mai@hotmail.com','094200001112','CLK1001', 'BRANCH1'),
	('CLK1003',N'Trịnh', N'Duy', N'Uyên', '2001-04-11', N'271/163/122 Quang Trung, Phường 10, Thành phố Hồ Chí Min', 'XunCao_H@yahoo.com','094200001113','CLK1001' ,'BRANCH1'),
	('CLK1004',N'Phan', N'Kim', N'Tuyến', '2000-01-31', N'22 Truong Quyen, Phường 6, Quận 3, Thành phố Hồ Chí Minh', 'Hngng_inh82@gmail.com','094200001114','CLK1001', 'BRANCH1'),
	('CLK1005',N'Phạm', N'Quỳnh', N'Nhung', '2000-01-17', N'59/6/12 Nguyễn Đình Chiểu, Phường 4, Quận 3, Thành phố Hồ Chí Minh', 'HiGiang.Dng@gmail.com','094200001115','CLK1001', 'BRANCH1'),
	('CLK1006',N'Lâm', N'Hồng', N'Thư', '2000-10-17', N'59/6/12 Nguyễn Đình Chiểu, Phường 4, Quận 3, Thành phố Hồ Chí Minh', 'VnThng_T34@hotmail.com','094200001116','CLK1001', 'BRANCH1'),
	('CLK1007',N'Phạm', N'Hồng', N'Khuê', '1999-01-30', N'Ký túc xá khu A, Đường tạ Quang Bửu, khu phố 6, Linh Trung, Thủ Đức', 'AnTng71@gmail.com','094200001117','CLK1002', 'BRANCH2'),
	('CLK1008',N'Bùi', N'Huệ', N'Linh', '1999-02-15', N'Ký túc xá khu A, Đường tạ Quang Bửu, khu phố 6, Linh Trung, Thủ Đức', 'ThanhThanh.Lm43@yahoo.com','094200001118','CLK1002', 'BRANCH2'),
	('CLK1009',N'Đinh', N'Thụy', N'Trinh', '1998-09-01', N'142/19 Nguyen Thi Thap, Phường Binh Thuan, Quận 7, Thành phố Hồ Chí Minh', 'PhcThin.Phan@hotmail.com','094200001119','CLK1002', 'BRANCH2'),
	('CLK1010',N'Trần', N'Hoàng', N'Thư', '2001-04-04', N'98 Nguyễn Đình Chiểu Dist1, Thành phố Hồ Chí Minh', 'ThyQunh_L69@yahoo.com','094200001120','CLK1002', 'BRANCH2')
go

-- Người dạy
insert into Instructor values 
	('TEA1001','094200002220', '1',N'Tô', N'Thái', N'Lâm', '1998-10-10', N'271/163/122 Quang Trung, Phường 10, Thành phố Hồ Chí Minh', 'ThyNgc_Trng@hotmail.com', 5000000),
	('TEA1002','094200002221', '1',N'Mai', N'Thanh', N'Thế', '1999-05-20', N'678 Truong Chinh, Phường 15, Thành phố Hồ Chí Minh', 'DimKiu.Phan@gmail.com', 5000000),
	('TEA1003','094200002222', '1',N'Mai', N'Nhật', N'Ánh', '2000-01-03', N'22 Truong Quyen, Phường 6, Quận 3, Thành phố Hồ Chí Minh', 'QunhTrang61@yahoo.com', 5000000),
	('TEA1004','094200002223', '1',N'Bùi', N'Hải', N'Thanh', '2000-11-18', N'678 Truong Chinh, Phường 15, Thành phố Hồ Chí Minh', 'NguynVn70@yahoo.com', 5000000),
	('TEA1005','094200002224', '1',N'Hà', N'Tâm', N'Nguyên', '2001-01-25', N'271/163/122 Quang Trung, Phường 10, Thành phố Hồ Chí Minh', 'MinhDng.Phng63@gmail.com', 5000000),

	('TUT1001','094200002225', '1',N'Dương', N'Ban', N'Mai', '2000-05-13', N'22 Truong Quyen, Phường 6, Quận 3, Thành phố Hồ Chí Minh', 'XunTrang6@gmail.com',3000000),
	('TUT1002','094200002226', '1',N'Đoàn', N'Trọng', N'Khánh', '2000-11-15', N'142/19 Nguyen Thi Thap, Phường Binh Thuan, Quận 7, Thành phố Hồ Chí Minh', 'HiQun.on64@gmail.com',3000000),
	('TUT1003','094200002227', '1',N'Đặng', N'Ðan', N'Tâm', '2000-08-13', N'98 Nguyễn Đình Chiểu Dist1, Thành phố Hồ Chí Minh', 'TrngPhc11@yahoo.com', 3000000),
	('TUT1004','094200002228', '1',N'Lý', N'Khắc', N'Vũ', '2001-09-07', N'59/6/12 Nguyễn Đình Chiểu, Phường 4, Quận 3, Thành phố Hồ Chí Minh', 'cThnh53@yahoo.com',3000000),
	('TUT1005','094200002229', '1',N'Vương', N'Tịnh', N'Tâm', '2000-01-17', N'98 Nguyễn Đình Chiểu Dist1, Thành phố Hồ Chí Minh', 'NhtH.Trnh@hotmail.com',3000000),
	('TUT1006','094200002230', '1',N'Hà', N'Chánh', N'Việt', '1999-01-21', N'678 Truong Chinh, Phường 15, Thành phố Hồ Chí Minh', 'QuangHuy_Lm@yahoo.com',3000000),
	('TUT1007','094200002231', '1',N'Lý', N'Hồng', N'Khuê', '1999-06-02', N'22 Truong Quyen, Phường 6, Quận 3, Thành phố Hồ Chí Minh', 'XunCao_Mai23@gmail.com',3000000),
	('TUT1008','094200002232', '1',N'Tô', N'Huệ', N'Phương', '2000-10-11', N'22 Truong Quyen, Phường 6, Quận 3, Thành phố Hồ Chí Minh', 'DuyThnh42@hotmail.com',3000000),
	('TUT1009','094200002233', '1',N'Dương', N'Phương', N'Thi', '2000-06-09', N'59/6/12 Nguyễn Đình Chiểu, Phường 4, Quận 3, Thành phố Hồ Chí Minh', 'nThun.L74@gmail.com',3000000),
	('TUT1010','094200002234', '1',N'Đoàn', N'Ðan', N'Tâm', '2000-11-22', N'678 Truong Chinh, Phường 15, Thành phố Hồ Chí Minh', 'NhnT.inh95@yahoo.com',3000000)
go

-- Giáo viên
insert into Teacher values 
	('TEA1001','094200002220', '1',N'Tô', N'Thái', N'Lâm', '1998-10-10', N'271/163/122 Quang Trung, Phường 10, Thành phố Hồ Chí Minh', 'ThyNgc_Trng@hotmail.com', 5000000),
	('TEA1002','094200002220', '1',N'Mai', N'Thanh', N'Thế', '1999-05-20', N'678 Truong Chinh, Phường 15, Thành phố Hồ Chí Minh', 'DimKiu.Phan@gmail.com', 5000000),
	('TEA1003','094200002220', '1',N'Mai', N'Nhật', N'Ánh', '2000-01-03', N'22 Truong Quyen, Phường 6, Quận 3, Thành phố Hồ Chí Minh', 'QunhTrang61@yahoo.com', 5000000),
	('TEA1004','094200002220', '1',N'Bùi', N'Hải', N'Thanh', '2000-11-18', N'678 Truong Chinh, Phường 15, Thành phố Hồ Chí Minh', 'NguynVn70@yahoo.com', 5000000),
	('TEA1005','094200002220', '1',N'Hà', N'Tâm', N'Nguyên', '2001-01-25', N'271/163/122 Quang Trung, Phường 10, Thành phố Hồ Chí Minh', 'MinhDng.Phng63@gmail.com', 5000000)


-- Trợ giảng
insert into Tutor values 
	('TUT1001','094200002220', '1',N'Dương', N'Ban', N'Mai', '2000-05-13', N'22 Truong Quyen, Phường 6, Quận 3, Thành phố Hồ Chí Minh', 'XunTrang6@gmail.com',3000000),
	('TUT1002','094200002220', '1',N'Đoàn', N'Trọng', N'Khánh', '2000-11-15', N'142/19 Nguyen Thi Thap, Phường Binh Thuan, Quận 7, Thành phố Hồ Chí Minh', 'HiQun.on64@gmail.com',3000000),
	('TUT1003','094200002220', '1',N'Đặng', N'Ðan', N'Tâm', '2000-08-13', N'98 Nguyễn Đình Chiểu Dist1, Thành phố Hồ Chí Minh', 'TrngPhc11@yahoo.com', 3000000),
	('TUT1004','094200002220', '1',N'Lý', N'Khắc', N'Vũ', '2001-09-07', N'59/6/12 Nguyễn Đình Chiểu, Phường 4, Quận 3, Thành phố Hồ Chí Minh', 'cThnh53@yahoo.com',3000000),
	('TUT1005','094200002220', '1',N'Vương', N'Tịnh', N'Tâm', '2000-01-17', N'98 Nguyễn Đình Chiểu Dist1, Thành phố Hồ Chí Minh', 'NhtH.Trnh@hotmail.com',3000000),
	('TUT1006','094200002220', '1',N'Hà', N'Chánh', N'Việt', '1999-01-21', N'678 Truong Chinh, Phường 15, Thành phố Hồ Chí Minh', 'QuangHuy_Lm@yahoo.com',3000000),
	('TUT1007','094200002220', '1',N'Lý', N'Hồng', N'Khuê', '1999-06-02', N'22 Truong Quyen, Phường 6, Quận 3, Thành phố Hồ Chí Minh', 'XunCao_Mai23@gmail.com',3000000),
	('TUT1008','094200002220', '1',N'Tô', N'Huệ', N'Phương', '2000-10-11', N'22 Truong Quyen, Phường 6, Quận 3, Thành phố Hồ Chí Minh', 'DuyThnh42@hotmail.com',3000000),
	('TUT1009','094200002220', '1',N'Dương', N'Phương', N'Thi', '2000-06-09', N'59/6/12 Nguyễn Đình Chiểu, Phường 4, Quận 3, Thành phố Hồ Chí Minh', 'nThun.L74@gmail.com',3000000),
	('TUT1010','094200002220', '1',N'Đoàn', N'Ðan', N'Tâm', '2000-11-22', N'678 Truong Chinh, Phường 15, Thành phố Hồ Chí Minh', 'NhnT.inh95@yahoo.com',3000000)
go


-- Học viên
insert into Student values
	('STU1000', N'Phạm', N'Trường', N'Nhân', '1999-04-03', N'18 Luy Ban Bich Street Tan Thoi Hoa Phường, Thành phố Hồ Chí Minh', 'NgcTh.Phan26@yahoo.com'),
	('STU1001', N'Ngô', N'Nguyên', N'Bổng', '1999-03-02', N'Ký túc xá khu A, Đường tạ Quang Bửu, khu phố 6, Linh Trung, Thủ Đức', 'cBng69@hotmail.com'),
	('STU1002', N'Lê', N'Minh', N'Tâm', '2001-06-19', N'59/6/12 Nguyễn Đình Chiểu, Phường 4, Quận 3, Thành phố Hồ Chí Minh', 'TunVit0@hotmail.com'),
	('STU1003', N'Tô', N'Như', N'Phương', '2000-01-26', N'59/6/12 Nguyễn Đình Chiểu, Phường 4, Quận 3, Thành phố Hồ Chí Min', 'TmThin.Tng5@yahoo.com'),
	('STU1004', N'Hà', N'Gia', N'Hùng', '2001-01-08', N'142/19 Nguyen Thi Thap, Phường Binh Thuan, Quận 7, Thành phố Hồ Chí Minh', 'DiuHnh93@yahoo.com'),
	('STU1005', N'Trần', N'Nhân', N'Từ', '2000-09-13', N'18 Luy Ban Bich Street Tan Thoi Hoa Phường, Thành phố Hồ Chí Minh', 'TunHi.Phng48@gmail.com'),
	('STU1006', N'Hà', N'Lam', N'Tuyền', '2000-05-05', N'98 Nguyễn Đình Chiểu, Quận 1, Thành phố Hồ Chí Minh', 'nhChiu.Trng74@yahoo.com'),
	('STU1007', N'Vương', N'Phương', N'Nghi', '1999-01-16', N'298 Nguyen Trong Tuyen, Phường 1, Thành phố Hồ Chí Minh', 'ThyVn.Tng@gmail.com'),
	('STU1008', N'Đỗ', N'Bảo', N'Khánh', '2000-05-30', N'18 Luy Ban Bich Street Tan Thoi Hoa Phường, Thành phố Hồ Chí Minh', 'MinhL_Lm@yahoo.com'),
	('STU1009', N'Phùng', N'Trung', N'Lực', '1998-09-21', N'298 Nguyen Trong Tuyen, Phường 1, Thành phố Hồ Chí Minh', 'PhngLoan.Mai28@yahoo.com'),
	('STU1010', N'Phạm', N'Thu', N'Hằng', '2000-01-19', N'142/19 Nguyen Thi Thap, Phường Binh Thuan, Quận 7, Thành phố Hồ Chí Minh', 'YnTrm.on@hotmail.com'),
	('STU1011', N'Mai', N'Quốc', N'Việt', '2000-02-27', N'410 Su Van Hanh, Phường 9, Quận 10, Thành phố Hồ Chí Minh', 'HngThu83@gmail.com'),
	('STU1012', N'Lê', N'Sơn', N'Dương', '1999-01-19', N'98 Nguyễn Đình Chiểu Dist1, Thành phố Hồ Chí Minh', 'ThinLng_Ng@gmail.com'),
	('STU1013', N'Vũ', N'Thanh', N'Hồng', '1998-08-18', N'98 Nguyễn Đình Chiểu Dist1, Thành phố Hồ Chí Minh', 'ThiXun.o@yahoo.com'),
	('STU1014', N'Đinh', N'Kim', N'Yến', '2000-01-26', N'98 Nguyễn Đình Chiểu Dist1, Thành phố Hồ Chí Minh', 'ThuMinh_Ng10@yahoo.com'),
	('STU1015', N'Trịnh', N'Tường', N'Anh', '1999-08-06', N'59/6/12 Nguyễn Đình Chiểu, Phường 4, Quận 3, Thành phố Hồ Chí Minh', 'MinhDanh22@hotmail.com'),
	('STU1016', N'Trương', N'Hồng', N'Thu', '2001-03-25', N'98 Nguyễn Đình Chiểu Dist1, Thành phố Hồ Chí Minh', 'DuyKhnh_V@hotmail.com'),
	('STU1017', N'Lê', N'Huy', N'Lĩnh', '1999-06-04', N'22 Truong Quyen, Phường 6, Quận 3, Thành phố Hồ Chí Minh', 'DYn74@hotmail.com'),
	('STU1018', N'Hà', N'Hào', N'Nghiệp', '2000-02-28', N'18 Luy Ban Bich Street Tan Thoi Hoa Phường, Thành phố Hồ Chí Minh', 'QucTin71@hotmail.com'),
	('STU1019', N'Vũ', N'Huy', N'Anh', '2001-09-01', N'271/163/122 Quang Trung, Phường 10, Thành phố Hồ Chí Minh', 'KimTh.Tng@gmail.com'),
	('STU1020', N'Mai', N'Hồng', N'Vinh', '1999-05-13', N'22 Truong Quyen, Phường 6, Quận 3, Thành phố Hồ Chí Minh', 'HuThng_on@yahoo.com')
go


INSERT INTO Lesson(fk_class_ID,fk_c_id,fk_teacher_ID, fk_room_id, fk_dnum, tea_attendance, s_time, f_time,l_date) VALUES
	('L01', 'LA1001', 'TEA1001', 'R1', 'BRANCH1', 'P', '07:00:00', '09:50:00', '2022-11-27'),
	('L01', 'LA1001', 'TEA1001', 'R1', 'BRANCH1', 'P', '07:00:00', '09:50:00', '2022-11-27'),
	('L01', 'LA1001', 'TEA1001', 'R1', 'BRANCH1', 'P', '07:00:00', '09:50:00', '2022-11-27'),
	('L01', 'LA1001', 'TEA1001', 'R1', 'BRANCH1', 'P', '07:00:00', '09:50:00', '2022-11-27'),
	('L01', 'LA1001', 'TEA1001', 'R1', 'BRANCH1', 'P', '07:00:00', '09:50:00', '2022-11-27'),
	('L01', 'LA1001', 'TEA1001', 'R1', 'BRANCH1', 'P', '07:00:00', '09:50:00', '2022-11-27'),
	('L01', 'LA1001', 'TEA1001', 'R1', 'BRANCH1', 'P', '07:00:00', '09:50:00', '2022-11-27'),
	('L01', 'LA1001', 'TEA1001', 'R1', 'BRANCH1', 'P', '07:00:00', '09:50:00', '2022-11-27'),
	('L01', 'LA1001', 'TEA1001', 'R1', 'BRANCH1', 'P', '07:00:00', '09:50:00', '2022-11-27')
go


-- Học viên Tham gia buổi học của lớp học
INSERT INTO Attend values 
	('P', N'Buổi học tuyệt vời!','L01','LA1001', 'STU1001',1),
	('P', N'Buổi học tuyệt vời!','L01','LA1001', 'STU1002',1),
	('P', N'Buổi học tuyệt vời!','L01','LA1001', 'STU1003',1),
	('P', N'Giảng dể hiểu quá','L01','LA1001', 'STU1004',1),
	('P', N'Buổi học tuyệt vời!','L01','LA1001', 'STU1005',1),
	('P', N'Buổi học tuyệt vời!','L01','LA1001', 'STU1006',1),
	('L', N'Em ngủ quên nên đi muộn ạ:((','L01','LA1001', 'STU1007',1),
	('P', N'Buổi học tuyệt vời!','L01','LA1001', 'STU1008',1),
	('P', N'Goog lesson!','L01','LA1001', 'STU1009',1),
	('P', N'Buổi học tuyệt vời!','L01','LA1001', 'STU1010',1),
	('P', N'Buổi học tuyệt vời!','L01','LA1001', 'STU1011',1),
	('P', N'Giảng viên nói nhanh quá :v','L01','LA1001', 'STU1012',1),
	('P', N'Buổi học tuyệt vời!','L01','LA1001', 'STU1013',1),
	('P', N'Buổi học tuyệt vời!','L01','LA1001', 'STU1014',1),
	('P', N'Mấy anh giảng viên nhiệt tình ghê!','L01','LA1001', 'STU1015',1),
	('P', N'Buổi học tuyệt vời!','L01','LA1001', 'STU1016',1),
	('P', N'Hay!','L01','LA1001', 'STU1017',1),
	('P', N'Buổi học tuyệt vời!','L01','LA1001', 'STU1018',1),
	('P', N'Buổi học tuyệt vời!','L01','LA1001', 'STU1019',1),
	('P', N'Buổi học tuyệt vời!','L01','LA1001', 'STU1020',1)
go

-- Trợ giảng hổ trợ buổi học
INSERT INTO Support VALUES 
	('L01', 'LA1001', 1 , 'TUT1001', 'P'),
	('L01', 'LA1001', 1 , 'TUT1002', 'P'),
	('L01', 'LA1001', 1 , 'TUT1003', 'P'),
	('L01', 'LA1001', 2 , 'TUT1004', 'P'),
	('L01', 'LA1001', 2 , 'TUT1002', 'P'),
	('L01', 'LA1001', 2 , 'TUT1006', 'P')
go 

-- Học viên đăng ký khoá học (Register form)
INSERT INTO Reg_form(form_ID, fk_c_ID,fk_stu_ID, reg_time) VALUES
	('REG1001', 'LA1001','STU1010', '2022-11-27T14:25:10'),
	('REG1002', 'LA1002','STU1010', '2022-11-27T14:25:10'),
	('REG1003', 'LA1003','STU1010', '2022-11-27T14:25:10')

INSERT INTO Reg_form(form_ID, fk_c_ID,fk_stu_ID, reg_time) VALUES
	('REG1004', 'LA1001','STU1010', '2022-11-27T14:25:10'),
	('REG1005', 'LA1002','STU1010', '2022-11-27T14:25:10'),
	('REG1006', 'LA1003','STU1010', '2022-11-27T14:25:10')
go

UPDATE Reg_form 
SET total_fee = C.fee
FROM (
	SELECT c_id, fee 
	FROm Course) AS C
WHERE C.c_id = Reg_form.fk_c_ID


INSERT INTO Belong (fk_class_ID, fk_c_ID, fk_stu_ID) values 
	('L01','LA1001', 'STU1001'),
	('L01','LA1001', 'STU1002'),
	('L01','LA1001', 'STU1003'),
	('L01', 'LA1001','STU1004'),
	('L01','LA1001', 'STU1005'),
	('L01','LA1001', 'STU1006'),
	('L01','LA1001', 'STU1007'),
	('L01','LA1001', 'STU1008'),
	('L01','LA1001', 'STU1009'),
	('L01','LA1001', 'STU1010'),
	('L01','LA1001', 'STU1011'),
	('L01','LA1001', 'STU1012'),
	('L01','LA1001', 'STU1013'),
	('L01','LA1001', 'STU1014'),
	('L01','LA1001', 'STU1015'),
	('L01','LA1001', 'STU1016'),
	('L01','LA1001', 'STU1017'),
	('L01','LA1001', 'STU1018'),
	('L01','LA1001', 'STU1019'),
	('L01','LA1001', 'STU1020')

-- 
INSERT INTO P_apply(fk_p_ID, fk_c_ID) values
	('D1P1', 'LA1001'),
	('D1P2', 'LA1001'),
	('D1P1', 'LA1002'),
	('D1P2', 'LA1002')


/* INSERT INTO P_apply(fk_p_ID, fk_c_ID) values
	('D2P1', 'LA1001') 

Câu lệnh chạy Ok. Nhưng  mã khuyến mãi D2P1 thuộc chi nhánh 2  trong khi LA1001 là khoá học thuộc chi nhanh 1
*/ 
	

-- Select
select * from Account -- ok
select * from User_info -- ok
select * from Attend -- ok
select * from Belong -- ok
select * from Bill  
select * from Class -- ok
select * from Clerk -- ok
select * from Course -- ok
select * from Degree 
select * from Course -- ok
select * from Department -- ok
select * from Document -- ok
select * from Instructor -- ok
select * from Lesson -- ok
select * from P_apply -- ok
select * from Phone_number -- ok
select * from Promotion  -- ok
select * from Reg_form -- ok
select * from Room -- ok
select * from Student --ok
select * from Support -- ok
select * from Syllabus -- ok
select * from Teacher -- ok
select * from Tutor -- ok


